R&D Spend,Administration,Marketing Spend,State,Profit
137471.37,121316.46,430729.72,Ohio,179423.46
135515.80,100657.97,404254.52,Texas,216442.71
180262.82,143938.87,408434.47,New Mexico,205627.55
139315.35,124237.59,314579.70,Illinois,209703.55
196822.29,120943.50,318487.86,Alabama,193535.93
185550.19,114129.51,389545.55,Connecticut,205095.37
166590.41,135502.14,418472.33,Idaho,193730.00
154463.23,142819.99,408270.64,California,162076.00
171055.16,150064.92,375505.34,Arizona,162291.56
171830.54,152307.10,431380.17,Oregon,182262.23
156577.90,103155.67,433734.14,Texas,203617.15
177770.02,117704.65,468980.57,Kentucky,162629.33
168079.19,130477.09,315630.89,North Carolina,168670.21
184958.85,167584.87,333761.44,California,171597.08
167870.76,90455.39,406233.04,Florida,168501.18
180474.15,144956.49,348183.02,California,164311.89
159942.02,129553.11,434075.86,Texas,217648.39
150241.20,152596.25,356666.14,New Jersey,173069.37
199218.84,169117.98,468097.16,Maryland,214274.62
180686.36,160704.28,455835.22,Kentucky,188716.22
183122.03,140143.98,414577.92,Minnesota,166418.29
155430.79,120730.89,385318.14,Florida,219360.80
164768.55,123718.08,438779.52,Massachusetts,174853.67
141629.21,162269.27,318439.42,District of Columbia,164743.67
187392.68,90217.17,333374.58,Colorado,204295.54
144870.77,118128.69,414711.35,California,181718.75
191157.39,115824.61,394221.46,New York,185009.14
164539.07,160903.33,450062.42,District of Columbia,166954.51
193859.64,99141.78,383167.39,Colorado,181725.14
137776.82,117097.61,469128.05,California,217777.91
192095.69,129920.42,368745.71,Texas,199885.14
152989.21,92602.37,352235.93,District of Columbia,192528.84
191371.37,108041.88,428435.74,Nevada,206633.79
197660.77,161768.78,358599.56,Massachusetts,209768.00
179241.02,144766.67,317337.49,Illinois,207800.89
156615.43,145617.04,463485.88,Texas,175091.14
153804.08,131629.96,348377.33,Virginia,182602.65
188407.29,136620.70,357149.07,Florida,174858.96
136128.08,133088.79,451762.01,Iowa,201547.52
148154.96,98836.35,384306.52,North Carolina,187740.18
172986.75,151747.96,347160.08,California,173967.04
198272.26,130662.77,435304.19,California,183420.82
199469.06,94027.18,422091.73,Washington,210492.62
193782.50,139053.85,326956.91,Washington,172552.52
140961.43,122257.21,395252.86,Kentucky,182340.17
160575.87,96832.56,332717.87,Minnesota,207839.63
187585.31,152761.07,350970.03,Texas,193043.56
178811.07,133838.56,451471.82,Florida,175806.08
146862.32,137138.29,434310.40,Louisiana,166398.22
185709.55,148346.97,313978.33,Florida,179348.47
177754.86,91570.36,443630.52,Louisiana,187151.13
141981.95,141826.96,368734.94,Virginia,217666.74
156201.49,135151.52,318693.44,Florida,166034.17
158507.29,165094.40,461041.11,North Carolina,170669.65
149868.36,152997.04,373790.98,Illinois,191013.55
155207.55,169306.12,430334.26,Alabama,213508.15
162634.97,164943.01,351136.22,North Carolina,193402.77
149037.95,111116.71,461394.22,District of Columbia,205771.60
171655.01,111032.80,359962.30,North Carolina,200165.55
139571.84,144711.74,374280.43,District of Columbia,196884.13
170340.35,168839.26,429431.44,Texas,162244.78
181470.70,146340.82,414314.91,Texas,213229.04
160861.37,117559.37,427059.86,Ohio,199171.74
158258.99,118833.84,317792.25,Alabama,196230.86
144344.29,99281.89,362713.59,Florida,215877.31
175180.02,150712.06,322097.76,Minnesota,177226.63
180545.50,164360.36,387237.52,Arizona,199760.82
157298.56,135569.64,353345.73,Wisconsin,196279.33
174239.29,101519.32,369187.81,Texas,179455.20
151921.83,114228.54,413777.68,Tennessee,165036.32
199868.67,144770.51,374928.78,New Mexico,188348.15
182920.72,134882.54,332899.05,Ohio,210360.71
158111.58,100062.49,436938.31,California,194527.76
147420.65,112471.25,332393.53,California,163185.35
199185.64,147932.32,368446.27,Oklahoma,172302.98
171060.35,162050.04,454816.41,Florida,217760.29
167288.89,109521.23,410578.92,Nebraska,182161.81
163382.08,94608.17,407984.19,Florida,165566.78
192353.75,145741.40,388274.42,Alabama,198759.98
171179.60,131279.69,377860.48,Florida,215856.14
169789.91,139187.07,338230.18,New Jersey,204690.77
162263.52,151938.43,365305.75,Illinois,207392.23
174485.29,158351.85,373157.85,California,201595.32
183092.96,93897.13,465943.53,Massachusetts,203600.02
163632.83,140933.62,318387.62,Colorado,208629.09
151722.96,121508.26,345138.14,Virginia,180204.58
187002.66,101449.90,335575.00,Indiana,191744.52
150732.12,99551.31,301669.89,District of Columbia,165144.28
139265.97,168381.75,365246.53,Texas,192335.33
189470.81,145804.65,436853.96,Indiana,210722.22
135317.93,116957.12,441546.30,New York,173729.68
182970.81,122534.19,455543.82,North Carolina,174586.78
194579.38,122289.01,433231.92,Texas,179004.37
163866.26,108345.17,317223.48,Alabama,195375.57
178903.16,124052.28,372118.95,Florida,170271.94
189091.32,159244.03,382422.55,New York,164987.79
149565.88,104713.72,343213.19,Nevada,217074.40
149132.27,148264.51,466197.29,California,200725.86
160717.75,103430.05,306296.98,Virginia,209178.21
163237.91,142719.09,378000.87,Pennsylvania,203104.52
182396.93,142291.56,376514.94,Florida,195373.33
148379.67,104165.50,447217.22,Florida,160694.16
184164.82,135244.10,349566.28,Arizona,167106.29
138505.72,112582.56,319998.85,Ohio,190264.14
182036.32,119783.21,357948.93,Ohio,211310.19
144179.00,136867.12,348104.38,Georgia,160481.91
185802.44,112114.94,430874.06,District of Columbia,192254.04
166586.45,106870.92,324866.70,California,171547.08
152438.00,150984.44,403678.10,Maryland,211767.41
168401.52,148384.10,392751.60,Florida,198744.81
154223.92,168460.84,405096.57,Rhode Island,187951.65
165492.69,156754.57,434610.77,Virginia,161503.34
165855.02,154200.14,372201.60,Illinois,161024.29
197502.59,93126.92,442600.52,New York,162448.01
178567.51,113852.33,411551.21,New York,190108.06
151052.04,168041.89,429744.82,California,178906.07
175084.87,98716.20,334645.15,California,188613.96
178134.12,124020.38,371869.96,Virginia,173503.55
179472.51,111785.76,432282.49,Arkansas,188054.48
138442.11,164901.80,365727.58,Kansas,180077.50
156537.06,140149.40,319193.47,Florida,175834.07
167982.38,131377.03,395140.73,Oregon,179237.76
148468.51,154560.75,431697.46,Ohio,196086.31
152548.06,119032.31,329247.47,New Hampshire,168122.01
143482.33,142308.92,377264.30,Kentucky,179668.85
151840.95,133650.91,356781.30,Washington,175885.42
172278.58,130869.57,453843.98,Ohio,161969.33
169842.85,104207.79,441170.66,Massachusetts,169992.03
152862.02,109382.40,418219.45,North Carolina,219403.98
168210.95,169013.42,305152.16,Nebraska,164002.77
155346.43,127402.44,350200.80,Tennessee,161912.83
164663.90,93503.23,419591.91,New York,205947.21
184801.16,143646.67,324685.71,Texas,208354.61
173357.37,158285.57,317265.86,Texas,173349.27
162784.47,124897.99,459584.58,District of Columbia,165853.10
181839.41,119849.78,396771.15,Georgia,219458.53
193927.26,167886.37,310503.59,Michigan,190971.96
147414.09,152975.05,447454.34,Texas,215306.00
190173.43,102955.46,399087.65,District of Columbia,160193.12
155992.58,116547.01,339291.88,Texas,204788.64
152787.84,166397.36,410683.06,Pennsylvania,178741.13
148264.42,111571.09,436826.08,New York,195528.89
166052.13,146965.73,434165.54,Pennsylvania,165554.81
167541.33,100122.54,426339.52,Illinois,204246.44
189616.48,126484.12,465108.95,Virginia,194500.87
165720.13,138335.02,456203.92,California,201549.76
137101.81,101094.04,352165.27,Missouri,174845.04
197786.16,122068.44,392626.54,Missouri,171903.31
175511.80,162330.23,456193.45,Texas,168411.44
180439.11,101531.82,450714.24,Texas,194065.14
165303.83,96453.95,439846.90,Pennsylvania,219797.78
190265.26,109472.57,382928.17,Florida,160436.81
149101.49,101372.92,377852.27,Mississippi,211312.19
143936.20,168941.13,427762.91,Minnesota,168400.48
143777.86,135368.63,451209.56,Hawaii,218334.95
169101.46,118660.73,449356.38,Texas,202826.62
151709.82,94152.72,440577.52,California,217544.24
196050.40,109975.87,340034.54,New York,208791.78
143947.96,168958.60,305096.40,Missouri,191714.85
184395.98,161176.00,435844.39,Texas,176632.19
158674.24,108883.18,305505.94,Georgia,195064.47
150885.38,164842.50,390843.75,Florida,217411.81
196028.52,155888.23,377002.31,California,169418.31
189094.86,113187.88,455771.42,Oklahoma,200390.56
150318.19,141328.86,387562.59,Texas,180084.63
193660.08,166171.04,459277.17,Kentucky,165700.47
192582.42,160679.84,330084.09,California,214492.81
159559.00,113500.75,459791.55,Colorado,212227.49
137318.76,123518.45,321523.79,Kansas,174585.23
144610.53,143181.55,411106.01,Pennsylvania,177484.06
151562.44,147350.84,304202.03,Minnesota,185519.41
179669.82,148843.87,431200.33,Pennsylvania,214174.29
143424.73,116958.40,317286.56,Oklahoma,209394.26
137082.29,156027.85,326718.69,California,178371.55
192748.33,93523.67,332431.88,California,200269.14
147976.16,144433.00,402253.41,Arizona,178896.08
180517.76,148844.49,420551.08,North Dakota,203097.80
168391.61,135409.83,411249.20,California,175731.67
141080.29,107145.11,413154.25,Maryland,190683.88
163926.55,100509.09,444537.37,Illinois,197601.70
169051.63,164290.81,335834.98,Indiana,165854.70
191970.86,169403.99,396340.81,Arkansas,214423.30
167382.85,152940.08,402102.67,California,181796.19
164501.23,167351.54,457281.32,Texas,186587.97
190343.81,116012.77,351036.13,Florida,177036.13
158038.19,96086.87,384694.54,Oregon,201932.35
137040.34,101636.16,388786.13,Michigan,211192.27
194667.40,164965.85,465390.21,Colorado,191888.17
156380.42,131445.43,416115.48,Tennessee,192166.87
159534.09,137132.56,384831.60,Tennessee,169116.54
153595.92,158764.36,354434.96,Florida,203516.50
156812.97,121217.24,389852.68,District of Columbia,217641.99
151660.40,143861.63,463357.01,Colorado,172727.16
173999.14,168882.48,403949.08,Indiana,212319.09
172096.61,138643.45,395146.14,Oklahoma,214143.59
139324.04,169200.49,444023.74,Florida,219347.27
184358.00,147772.57,397945.98,Florida,162992.63
188798.12,161996.18,400654.94,New York,194635.66
139387.36,117230.46,353579.42,Florida,170396.77
167667.73,95925.39,349788.55,Florida,201736.72
156763.86,114248.94,355438.32,Tennessee,217535.25
193077.17,159616.24,459976.97,South Carolina,163125.06
147030.55,104444.42,366421.02,Utah,212498.95
146254.27,137215.85,363692.72,Texas,166088.55
147562.21,156984.80,421345.72,Illinois,169190.60
153637.88,143620.03,424425.11,Utah,219042.22
144349.73,151511.16,372285.17,Kansas,197760.16
145346.58,159729.35,403603.65,California,216022.79
141558.34,106943.68,346928.84,Georgia,205019.28
178875.54,156454.81,337716.89,Texas,217010.86
166321.96,112747.48,380164.87,New Mexico,211915.10
175297.53,169163.14,423962.95,Vermont,162297.00
196340.54,109539.53,315275.73,Texas,185279.39
175136.78,143235.08,364399.29,Ohio,162872.76
174116.98,152384.86,465633.16,Ohio,163328.85
135409.10,99155.68,314962.54,Kentucky,183346.38
175691.76,108305.98,401694.66,Virginia,214032.90
172663.91,100270.64,370078.08,Virginia,206894.06
183669.26,99473.02,401374.50,District of Columbia,168774.98
187765.05,112417.02,386852.72,Idaho,206373.60
163888.41,139709.59,387310.35,South Carolina,201908.61
189586.72,154377.84,356380.35,California,187073.14
183282.35,133462.48,430371.05,Tennessee,219288.31
193902.22,103757.46,342478.48,Colorado,198319.12
148935.22,161068.71,418592.18,Texas,191819.35
183183.74,144614.28,324566.54,Alabama,183222.06
191403.83,129080.53,401114.74,Utah,206828.82
167662.09,98285.19,455799.00,Virginia,211712.61
156163.68,138441.01,304338.17,Massachusetts,204635.74
141582.15,168524.85,409144.87,California,160778.74
191673.76,134218.99,339431.26,Georgia,204492.31
177359.66,165563.67,402046.05,Florida,199947.00
140568.01,111029.35,413915.06,Florida,165622.73
156246.39,96981.85,331125.61,Alabama,169216.54
162825.89,107533.22,324833.65,Tennessee,206867.93
143996.06,112375.56,460275.75,California,198114.12
187286.27,98510.35,314880.46,Kentucky,183464.21
161775.47,155653.33,398382.85,Illinois,195434.46
198258.02,98987.59,328960.98,Michigan,199123.15
143932.05,131675.87,412365.44,Colorado,190780.12
168331.18,149616.51,365893.53,South Carolina,205032.70
178730.25,146421.71,435639.68,Indiana,198534.39
166868.52,133453.71,428382.47,Georgia,196655.13
152911.94,151367.72,381042.32,North Carolina,170162.76
187366.11,106135.10,359108.71,New York,216107.57
155412.15,145494.46,327603.50,Delaware,193803.82
162127.25,129546.25,368691.24,Washington,171325.31
159235.16,108337.30,438205.45,California,160779.64
137776.98,136092.72,442314.63,Georgia,203693.75
142068.29,127221.40,355140.04,New York,163038.49
187579.60,120173.30,469744.75,Texas,206998.36
157103.81,124564.94,389425.54,Texas,177001.54
145748.39,92915.69,346710.57,New Jersey,168471.85
171760.75,104524.24,438540.02,Texas,207752.33
161765.39,155948.22,449281.87,Pennsylvania,206595.98
193877.43,102400.48,365523.52,Alabama,178845.99
147560.34,155381.15,369532.68,Ohio,176374.93
154008.37,124184.26,304664.27,Nebraska,186282.25
192239.61,142463.99,357366.73,New Mexico,205497.00
151926.83,134667.00,451067.50,Texas,163151.68
189762.17,154709.41,409601.18,Massachusetts,201535.43
137684.27,150306.15,399639.33,Kansas,194660.74
190327.99,132444.48,460261.70,South Carolina,199652.36
176406.56,167288.55,413479.31,Maryland,184856.82
195687.67,107707.74,365669.68,Ohio,176837.35
159133.68,159514.25,401038.35,Illinois,199431.71
184009.13,157902.17,358857.83,Pennsylvania,164013.45
154423.95,157115.21,391942.77,Mississippi,189385.48
191905.91,169287.94,361459.15,Florida,206115.54
155584.78,114441.81,308136.62,Florida,214543.46
149698.47,103776.61,464921.25,Indiana,182334.95
142079.00,142134.63,438729.72,Tennessee,204693.00
157464.22,162926.89,437222.98,Texas,200836.80
173298.01,143691.95,338207.24,Illinois,171698.91
180657.60,129883.71,313027.67,Michigan,176880.57
193643.51,137979.44,331033.90,Pennsylvania,192044.13
181694.77,147683.49,450518.01,Georgia,178193.00
187799.10,144473.42,396219.99,District of Columbia,165953.18
199778.91,93985.67,318571.65,California,176522.44
195602.99,131062.63,366491.40,Tennessee,184676.68
145897.40,143931.42,368713.03,Florida,177145.56
179475.58,103673.75,386053.57,California,202912.26
186920.15,95197.11,390657.41,Missouri,194983.53
187730.85,167510.96,312100.85,Texas,179838.51
172730.78,158846.08,454470.63,New York,184321.60
159511.41,135960.71,316277.94,Colorado,187632.85
177362.34,118588.06,363988.81,Nevada,187071.08
192673.75,91436.98,397955.15,Louisiana,194460.17
150735.89,155741.32,437415.26,California,204321.36
146995.51,108718.08,441148.35,Maryland,217466.77
177660.76,124099.67,309353.83,New York,166749.41
170153.19,159135.06,400687.45,New York,207200.22
145559.84,132295.56,399189.90,Florida,203312.32
138145.27,138797.05,340343.31,Louisiana,166361.26
199414.14,146327.48,352852.32,Pennsylvania,181105.09
172138.99,125890.45,383039.49,California,181341.86
168172.60,92347.00,387455.66,Georgia,180405.86
139451.93,138009.15,319907.30,California,219033.58
198270.38,160507.25,354842.00,Florida,205469.63
156370.74,125058.14,330357.70,Florida,168283.75
185592.19,136998.42,467488.97,Arizona,170360.80
197918.37,115740.88,368910.18,Tennessee,193778.27
167813.81,107116.45,364656.71,Virginia,168580.46
188880.15,137941.36,316461.29,Virginia,197326.37
135441.91,145432.55,386699.64,Texas,218935.18
140375.50,103105.83,418015.93,Florida,162182.29
135396.86,131211.40,401655.99,California,160085.62
182186.79,150733.82,353975.77,Florida,198190.08
136834.61,93731.76,361135.84,Idaho,184627.96
173559.85,160807.61,366293.30,Ohio,183702.28
161845.87,117146.18,410928.72,New York,189598.24
144973.04,149888.86,395116.52,Connecticut,211081.01
181229.32,135673.69,409195.03,Connecticut,202840.56
143801.27,152735.62,366520.28,Georgia,160780.73
173144.25,141725.00,376540.58,Texas,201062.59
185484.59,120654.12,318003.88,Virginia,161852.54
165283.13,107375.12,397628.44,Florida,217312.95
192350.77,161956.76,323132.76,Virginia,183672.75
167568.38,138665.35,378647.76,Washington,168566.87
162373.20,167312.98,351811.19,California,214547.31
184673.97,100309.13,308169.13,California,205324.83
139965.10,149197.02,462043.22,Colorado,199901.82
158578.56,154322.97,447966.80,Mississippi,190220.91
146356.49,165069.01,458188.62,Michigan,203391.11
144852.12,156898.26,312100.69,Minnesota,180569.04
150456.13,101512.07,306872.79,Texas,166677.50
140901.25,167943.71,418316.44,Minnesota,185489.73
189682.69,113805.02,424410.54,Missouri,167552.47
135315.43,150606.11,443380.44,Texas,194517.21
197177.42,120117.43,438623.81,Oklahoma,172331.89
189301.19,117823.42,374589.45,Alabama,171364.73
161520.16,123393.16,450406.82,Minnesota,170942.20
148807.65,138688.44,426937.15,Florida,173593.98
140333.45,160788.03,389635.66,New York,175539.58
186428.88,104437.01,380909.23,Texas,172944.24
195645.42,155350.06,354374.29,Texas,202076.49
144803.77,164292.50,425677.67,Connecticut,200518.40
144301.06,146025.87,372682.38,North Carolina,200192.03
145728.00,140082.75,458719.94,Alaska,209305.84
161703.12,126279.61,413056.81,California,189202.02
143824.65,150032.76,423300.32,Texas,171024.23
145018.30,144342.49,390123.67,Texas,182640.06
186878.77,97893.14,390363.91,District of Columbia,214802.29
139709.64,113740.04,405807.81,California,187608.15
140844.20,151993.32,407923.41,Nevada,177422.15
177006.52,140291.61,325819.73,Florida,209249.67
168810.97,150528.50,314403.09,North Carolina,202743.68
198323.88,110236.70,315852.38,Nebraska,215661.88
141869.98,135261.83,370363.83,Texas,196975.89
148067.94,138768.50,365109.02,New York,194753.91
152626.58,91456.81,429575.35,Texas,170104.47
172355.81,151901.29,361338.99,California,190006.73
191796.10,138543.79,350804.04,District of Columbia,176901.80
190297.27,105534.29,323494.49,New Mexico,215317.70
159094.19,90672.13,392264.23,Montana,199916.27
177761.06,137513.18,416842.53,Illinois,195190.11
180770.98,160325.92,321267.26,New York,216317.20
166951.00,99395.80,432514.83,Georgia,213364.98
180731.75,99452.69,422432.33,Pennsylvania,213480.51
154426.42,109118.69,364461.94,Ohio,217047.28
171531.50,162486.39,304560.02,Colorado,214580.30
149261.23,135990.48,327985.62,Arizona,202520.38
179890.21,105709.23,399686.12,Texas,172460.66
186533.02,107151.72,454235.85,Missouri,189977.22
173650.96,106665.06,328231.74,Virginia,186561.32
160477.43,96852.53,462758.94,Indiana,188031.97
180866.56,148113.35,451296.29,New York,189691.89
159903.15,140349.51,351232.77,Missouri,161822.94
153192.35,146722.99,441394.47,Arizona,179190.09
152615.46,135977.76,388783.93,Ohio,207455.55
169408.33,167902.22,463303.26,Alabama,216155.35
185217.82,121826.84,441038.76,Illinois,215266.68
176223.13,119196.55,365016.86,Indiana,190271.21
141096.94,116121.60,337850.28,Oklahoma,196205.72
162404.57,147036.19,461657.58,Ohio,211587.75
140162.72,119196.82,309298.32,Virginia,208489.37
137747.14,95716.50,314497.12,Virginia,167409.51
198702.13,160200.09,468726.64,Ohio,163001.95
153499.99,139320.23,461599.43,Missouri,161388.81
165519.21,103603.43,358056.94,Arizona,200936.53
157055.35,168176.26,423409.90,Rhode Island,162309.48
189414.23,97859.31,400392.74,South Carolina,182230.10
147245.75,92982.44,360396.83,Texas,190114.22
168762.32,137988.53,344114.45,Oregon,167743.70
142454.90,115227.63,304945.04,District of Columbia,214709.09
176727.34,115973.06,382134.46,Michigan,185485.13
138498.76,99559.82,376704.71,Ohio,214758.09
195683.01,99547.58,405598.15,Colorado,162499.09
198445.95,153372.32,443390.09,California,217302.35
149351.11,132832.42,427811.44,Texas,217248.26
175811.63,92963.71,461027.28,Virginia,206887.27
167022.54,113364.91,340432.27,Idaho,194597.56
158096.57,146003.48,468550.56,Texas,178265.09
152724.76,153541.55,344984.84,Michigan,169458.72
176472.89,146141.49,356159.30,Louisiana,173793.93
136595.93,154737.94,330664.45,South Carolina,174064.84
199296.89,149218.12,352494.77,District of Columbia,203145.74
158619.37,169569.73,458334.25,Washington,193722.07
171870.96,125497.54,426899.81,Pennsylvania,204488.19
165054.62,131229.54,354189.80,California,169352.31
175561.35,148573.88,427738.88,Florida,187222.38
145555.79,156212.64,436020.57,Arizona,189562.34
177378.75,142127.70,378065.93,Minnesota,167021.57
171256.45,119538.71,370413.76,California,180672.56
198120.05,163727.89,352215.07,California,199948.61
146987.09,138782.95,465286.30,New Hampshire,161598.93
198580.01,164689.52,402444.65,Missouri,216333.70
190632.76,149411.60,308572.20,Indiana,181311.10
198174.26,141263.75,397039.40,California,178180.05
153645.95,99414.34,318686.76,Florida,187678.52
162284.27,161982.41,419877.53,Texas,197942.71
147826.43,125436.71,401907.24,Alabama,180311.67
135897.57,162074.89,410062.15,Oregon,178998.36
184755.92,136687.45,313832.87,Texas,200103.08
143489.29,121896.61,466311.81,Pennsylvania,180030.11
178108.97,111452.98,303009.67,Florida,215088.80
142507.82,169308.01,340568.78,District of Columbia,178207.32
158953.46,114125.30,394469.21,Texas,215234.66
173618.07,161160.14,399587.94,North Carolina,183178.59
164911.42,165714.78,328999.10,Virginia,182456.03
168482.17,141323.67,345094.02,Colorado,189466.89
154952.29,115758.01,398368.43,Georgia,213711.77
175366.63,159992.32,324660.22,Virginia,187772.36
161663.62,134879.84,307402.51,Tennessee,219852.27
179564.32,110414.19,432663.33,District of Columbia,164913.98
139066.36,144823.88,374482.11,California,200773.90
160680.14,136205.07,432159.19,Alabama,183348.99
169402.24,116019.39,421000.18,Texas,172769.09
148237.48,119697.20,379849.45,New York,181972.01
185374.47,90501.11,345985.83,New York,208858.42
163769.45,116414.96,462434.43,Montana,202671.81
187881.00,107244.39,394303.71,Maryland,190353.72
182478.52,130778.18,433128.50,Georgia,176514.33
154796.64,126018.55,455991.79,California,216500.18
194727.47,144458.91,303174.32,Colorado,211311.28
194795.29,159168.89,350076.58,Texas,189757.08
181807.58,142730.90,350633.69,California,187983.11
141614.45,158855.88,418701.54,Indiana,168296.59
151341.07,107449.69,318534.54,Arkansas,209158.04
194166.58,124737.82,392315.88,Pennsylvania,205369.77
196826.66,125887.86,466210.89,Missouri,188185.73
153565.61,123015.31,395124.42,Texas,178572.57
148409.72,127578.36,355701.03,Florida,216209.69
185206.17,124219.48,367112.44,Alabama,214279.24
139436.90,131711.74,404287.84,Iowa,212467.42
187390.52,148156.53,348277.60,Alaska,177136.79
148180.79,90029.05,317097.98,Texas,218668.65
172051.92,164215.08,340611.72,California,195467.29
143727.71,168955.73,409645.85,Alabama,200974.25
160302.02,118388.13,416408.45,Michigan,160463.21
189157.12,151130.03,469665.18,North Carolina,181324.28
192285.32,123506.08,310154.75,Pennsylvania,185550.86
199984.91,127462.47,352188.86,California,209560.38
154675.15,104393.70,351356.18,Colorado,198201.88
163539.48,162200.41,422909.87,California,213430.89
171136.77,126673.39,384723.66,Georgia,176364.06
163270.76,90109.29,402354.09,Arizona,194916.98
182353.34,122113.29,339516.67,New York,165749.34
180926.74,140559.33,440527.34,Florida,181208.62
182377.68,143162.77,424793.55,New York,193203.31
184395.86,104590.81,441316.45,New York,208703.67
162947.49,140408.47,448558.72,New Jersey,207663.85
186692.38,94161.25,374337.99,New Jersey,216332.15
183693.35,133908.79,307110.42,Indiana,162194.48
142015.27,129812.63,438504.19,Illinois,177506.74
174511.08,164957.66,307298.39,Indiana,170238.45
171661.23,100580.23,390578.62,Florida,199852.24
146244.96,107912.85,347415.76,Virginia,163427.48
161003.60,116053.68,372947.05,Ohio,197652.60
164998.18,107111.74,435482.95,Maryland,171331.92
189333.94,100462.56,302128.74,New York,219005.77
149100.12,132386.79,318071.49,West Virginia,212128.43
136758.15,163750.42,365840.74,Georgia,193971.82
188117.10,102107.56,365354.69,Pennsylvania,209467.15
172056.84,106345.57,323430.22,Georgia,184703.40
192268.00,91238.47,362420.92,Missouri,180270.79
156803.45,107468.95,421313.89,Illinois,183175.35
176981.40,115544.66,416237.32,Ohio,188740.59
139063.64,165738.95,459369.56,California,200084.07
179077.62,90651.04,441984.86,Florida,166230.40
150497.68,120230.48,407665.73,New York,178563.96
180351.46,94509.94,311902.85,Texas,164362.90
176818.70,166651.47,343399.98,California,219441.19
182182.80,168667.81,467972.82,California,180185.71
190598.11,111891.01,403312.98,Missouri,165224.19
139883.97,134509.88,319244.80,Connecticut,166311.33
179170.05,136017.86,379174.12,Arkansas,216057.55
155044.44,150914.72,307741.14,New York,193635.89
188250.04,109645.03,466004.03,California,215664.01
167680.66,160973.27,466251.38,California,187191.03
181170.39,129435.27,330696.24,New York,168760.74
163593.20,124264.38,403992.06,Michigan,198527.31
198795.25,129593.97,320060.33,California,176270.72
190977.97,147022.88,353468.92,California,218848.42
151066.56,168129.24,369141.53,Arizona,164452.86
168510.74,166230.83,377394.43,Virginia,185059.47
178764.19,134260.08,448791.20,District of Columbia,185545.89
149820.30,93892.84,461597.83,Nevada,209499.60
137590.45,163260.14,380190.81,Kansas,196384.62
192770.43,100046.56,384519.51,West Virginia,213431.33
159711.66,143974.19,438736.81,New York,203508.56
174054.04,124043.58,468927.30,Missouri,210500.48
169813.22,143656.80,405466.82,Oklahoma,180313.39
192933.37,135277.92,412760.62,Florida,181973.07
193110.10,144621.37,306131.85,Missouri,192230.41
161198.74,118377.11,346627.21,Washington,185227.89
149196.53,103262.07,456588.28,Colorado,199031.45
172814.60,117105.42,315205.93,Texas,185584.28
196418.90,125847.07,441495.98,New York,189158.63
175594.13,138714.13,424834.75,New Mexico,219591.68
185800.14,142581.70,344355.63,Wyoming,191831.01
194381.42,129301.47,408721.89,Illinois,178717.86
176922.49,114840.31,338571.43,Tennessee,178029.67
147006.20,116464.63,372930.12,District of Columbia,173060.39
194486.43,90950.73,305787.46,Maryland,162393.52
150094.53,166610.55,314029.09,Alabama,210661.03
169381.02,91866.16,314020.07,Michigan,178091.58
157568.17,157066.19,423769.41,Montana,213778.42
136903.93,161961.56,303100.23,Ohio,203055.63
171701.87,142175.21,428227.23,Tennessee,171539.39
148344.97,151309.78,413456.11,Virginia,187709.21
144313.74,164653.07,402342.47,West Virginia,216682.71
154540.40,147086.91,444110.32,Tennessee,165011.41
151061.70,132487.61,323339.60,Wisconsin,203355.43
187335.40,150988.02,355895.33,North Carolina,180980.06
199629.59,162483.26,322137.79,Hawaii,208106.67
137409.96,93831.76,381980.10,Illinois,200498.03
194631.68,132945.16,358317.70,Texas,191830.50
136444.08,109795.94,403637.30,Ohio,173110.84
180638.40,108607.44,400704.35,Nevada,185296.87
144395.50,129543.24,309871.67,California,196413.03
182585.94,154873.10,344699.82,Nevada,216585.97
188113.10,99446.09,369444.00,California,219694.50
188634.37,103582.00,362092.64,Indiana,172889.18
181532.40,125439.24,395047.44,Virginia,172017.24
162427.54,112409.48,468502.40,Texas,216121.83
142572.63,134601.03,306316.57,Washington,181546.96
173784.84,116544.66,324548.08,Maryland,184333.52
144979.94,169314.81,414119.75,Virginia,208843.03
149404.09,97805.77,322815.30,Alabama,182862.36
140165.56,109906.33,464700.03,Georgia,217028.24
146818.78,129473.77,399383.79,Texas,162534.77
137695.00,114570.52,355015.25,California,171277.21
143445.05,156443.72,397256.00,Pennsylvania,189308.74
164353.23,108942.67,322869.65,Tennessee,161540.61
158711.33,126186.09,356562.33,Colorado,177371.87
193973.77,134033.43,405680.82,Missouri,171701.90
141696.56,167211.82,335070.33,Ohio,161749.26
175249.20,137210.75,412155.39,Missouri,184654.22
155682.13,112570.34,443988.17,California,192381.02
172340.07,157382.71,452946.23,Indiana,187781.07
150581.23,103356.01,396536.98,District of Columbia,189967.22
193103.43,159531.77,436346.40,New York,213621.43
170320.41,93554.71,346269.07,Indiana,189885.94
155186.31,144079.75,465911.16,Texas,198207.27
189109.73,160616.51,348385.78,Georgia,184794.83
163476.77,96232.60,451606.71,Missouri,183298.15
199273.48,167423.81,445728.40,California,186987.92
181705.40,90247.83,387014.59,Florida,201435.74
180372.25,142234.25,375987.24,Florida,219190.99
198610.72,138181.86,442462.95,California,199422.99
159431.72,116757.82,419886.51,Oregon,174403.67
136311.87,112784.39,407966.85,District of Columbia,199585.35
143988.89,95023.86,406241.27,Minnesota,204286.26
135421.34,95573.19,379733.30,Connecticut,203960.10
194818.48,141245.11,392959.11,Georgia,208343.31
136869.26,127911.17,311560.35,Indiana,164934.84
192956.43,118607.79,400329.51,New York,218506.07
159095.09,116687.35,339361.67,Oklahoma,173428.60
173650.85,158504.82,386646.82,Tennessee,174805.77
139215.22,166489.88,363678.33,Virginia,181916.11
151315.87,98322.38,409503.02,New Jersey,190993.98
178602.84,158712.81,379256.32,New York,170484.49
170257.84,95118.48,370650.66,Pennsylvania,182782.22
192736.56,169009.36,340472.20,New York,168319.75
159955.88,120165.98,303524.84,Missouri,215797.48
189705.27,103705.14,448682.14,Michigan,206735.57
198704.06,146992.08,307796.86,North Carolina,160355.94
173103.17,150976.01,363386.48,Florida,195228.75
158567.03,141855.76,304842.87,Rhode Island,187540.89
148441.46,96289.55,405172.27,Florida,199086.87
175932.94,128082.01,352864.17,Texas,218667.31
187171.61,153318.57,464673.88,Connecticut,206931.35
150535.26,111627.55,353139.93,Tennessee,201713.34
170240.85,148218.76,394290.59,Texas,182550.58
156082.21,139575.54,453934.68,West Virginia,209757.99
190144.88,142967.66,365144.27,Massachusetts,185184.44
158374.81,129503.36,355671.19,Tennessee,202293.87
162285.16,105967.43,407572.36,Minnesota,215876.16
183659.15,101877.05,322168.06,Indiana,192488.27
164892.64,151445.95,374685.66,Ohio,197036.04
177144.20,120797.91,367305.20,Georgia,168034.08
185077.48,93063.63,318255.87,New Mexico,174327.39
153539.92,146199.67,372056.09,Texas,207492.38
150740.48,122852.35,461368.63,California,163543.93
161482.79,126283.88,324628.77,Washington,202129.56
183528.63,156345.56,407319.56,Maryland,195124.21
144461.15,141473.35,387438.30,Michigan,165247.34
195392.61,138278.03,340793.94,Georgia,170482.65
193520.23,153243.98,459142.80,Oklahoma,170405.69
186354.90,108366.77,323207.88,Washington,208213.02
135651.99,167125.01,344615.95,Virginia,173018.55
198615.57,134421.11,370407.05,Illinois,161599.08
158494.48,156477.49,452644.10,California,165082.97
142206.33,158269.15,433122.45,North Carolina,219124.03
170981.24,110194.63,349371.56,Georgia,167673.67
162924.98,125270.38,405030.11,Georgia,210718.34
155711.01,165506.85,375085.66,Oklahoma,176741.81
172162.79,125008.45,415861.57,Arizona,192071.31
182635.78,111026.45,386537.87,Minnesota,209249.79
199500.16,164921.63,363413.36,District of Columbia,207287.97
143114.78,103513.90,453713.74,Washington,197112.86
188053.49,158446.03,443215.35,Washington,218351.18
194275.62,130552.05,352434.11,Alabama,173502.98
151327.13,113433.27,404702.52,Indiana,210281.19
178553.09,116050.09,301990.92,Georgia,196384.70
142065.59,167255.22,362218.86,Florida,166379.40
175237.78,135679.10,343307.30,Minnesota,195878.29
190106.91,139724.98,427608.92,District of Columbia,167227.53
188615.35,126317.93,419340.82,Pennsylvania,182617.69
159610.87,121200.23,426159.25,California,187914.21
169612.48,153917.19,403201.58,Washington,173582.27
171401.48,127711.80,444682.06,Nebraska,193092.39
161377.73,133113.60,398284.58,Indiana,219674.69
181626.54,128015.74,378337.86,District of Columbia,197793.77
159097.51,108431.16,333226.20,Texas,198897.42
180919.60,126550.99,313176.44,California,205770.17
138744.64,132582.23,458292.73,Georgia,163572.04
142297.44,96625.63,450171.94,New York,192118.42
193991.94,107364.60,353032.93,Texas,165053.32
164179.34,163131.70,454678.24,Florida,177644.26
151245.49,120745.98,319143.01,California,193533.44
144754.78,154198.17,413977.92,Arizona,182474.54
176679.79,119516.32,369034.16,Illinois,164901.30
179656.93,156002.92,441167.85,New Jersey,190467.07
167465.14,99188.15,429174.76,Indiana,164110.50
165974.26,111088.40,428210.39,Texas,162106.13
189831.57,119855.57,405525.55,North Carolina,162344.70
157267.36,146381.74,407806.22,California,187934.98
171749.50,102114.54,364989.40,District of Columbia,209694.25
189486.70,163252.26,421430.85,Texas,203929.03
145329.86,154075.76,386591.92,Massachusetts,180902.32
159214.90,121746.98,436851.91,Mississippi,185673.52
141773.32,125650.17,355101.17,Virginia,169472.95
155674.47,137460.23,348282.62,North Carolina,208664.73
166515.66,104237.02,332017.50,Florida,169059.98
178844.93,133711.60,452207.55,New Jersey,205978.23
192359.28,110046.78,335064.10,Kansas,187455.48
141510.73,150117.68,418574.93,Ohio,170580.09
195516.15,114029.39,304625.17,Maryland,174782.96
169305.05,104632.96,452062.39,Tennessee,212445.12
145169.41,118094.65,392511.15,Nevada,173179.73
165196.42,112024.39,462913.49,Massachusetts,164051.47
172487.61,153939.77,399146.10,Massachusetts,170823.41
145964.14,115804.62,468197.31,Florida,167213.23
165915.40,95453.70,362721.15,Michigan,193309.63
167818.22,163895.12,351171.68,Texas,169934.15
162640.52,107212.79,410532.74,California,191563.78
148122.91,150013.72,312343.10,Tennessee,188347.85
153519.72,147115.35,331973.20,California,194294.83
171843.60,135066.85,364609.85,Ohio,176987.95
182592.93,90758.49,444486.61,Iowa,217259.01
142684.98,142662.06,397116.77,Indiana,189623.64
158758.52,101279.00,434011.10,Illinois,190246.73
154082.72,108323.24,416871.81,Tennessee,187091.26
182525.42,147035.18,359612.69,Washington,174211.36
142197.64,157081.07,401864.87,Oklahoma,216145.40
150587.46,162029.40,364819.13,Ohio,177876.81
160166.34,104885.51,444354.74,California,210247.70
189577.81,114719.09,309506.42,District of Columbia,212553.35
142338.26,154970.56,439618.67,Louisiana,217882.38
162739.97,162642.89,312440.23,Illinois,204664.95
137245.47,101075.53,402890.22,Washington,161604.73
136912.74,104778.12,344651.27,Missouri,192272.27
172283.65,119123.76,448183.49,Georgia,176610.32
145421.12,107888.18,377650.47,North Carolina,160600.56
155037.16,126615.28,305043.09,Virginia,197312.64
144514.09,121133.01,370053.27,Pennsylvania,188946.45
140860.51,166356.28,374865.35,Indiana,169587.85
138812.64,93698.60,462069.43,Florida,191441.63
175213.50,131992.25,321876.58,New York,170603.02
141820.23,129379.74,377056.84,New York,184880.04
148063.64,146860.05,303358.54,Delaware,212762.53
195063.37,138962.83,418277.04,California,179348.88
169014.09,166055.60,391682.29,Oklahoma,196360.84
192870.20,121797.15,305778.06,Indiana,188927.99
140903.33,104540.36,329696.95,Virginia,170017.09
196504.01,110699.03,397843.40,North Carolina,215002.60
149768.24,140374.56,381420.94,Texas,190460.75
191235.45,127780.70,381109.97,Alabama,161409.63
176305.71,97162.54,428326.61,New York,167991.15
170592.39,112657.01,396581.03,California,204605.12
170865.83,136150.92,337274.37,Colorado,218559.63
159850.99,163245.34,305742.27,Wisconsin,173060.91
175546.60,124652.97,397794.80,New York,163068.34
175367.62,112158.71,373715.41,Texas,186356.21
180085.03,169937.73,312878.13,Oklahoma,173779.92
138315.28,101804.23,447752.32,Virginia,176284.44
194633.13,110963.96,456657.55,California,198584.96
185807.43,164633.48,446202.40,District of Columbia,180985.37
145150.67,145614.48,312308.41,Alabama,218917.41
184327.79,149427.90,334655.86,Virginia,208315.80
167670.60,138865.75,321380.06,Alabama,165731.09
135532.15,120668.51,410996.08,Colorado,160395.09
157343.60,133648.90,438896.86,Wisconsin,195193.80
139238.44,169765.30,360997.80,Illinois,179715.59
139721.73,105222.13,411290.92,New York,166760.63
143006.15,140764.42,413706.04,Texas,206188.75
136514.67,126152.42,321074.95,Kentucky,217671.31
153501.72,142411.06,407969.66,Texas,214068.70
164516.56,169697.45,409407.22,California,170592.37
171489.33,163033.65,395063.94,Pennsylvania,188720.43
136171.43,124618.97,326414.19,California,213428.93
180071.79,123294.24,399152.73,Arizona,201336.99
193117.91,114617.95,452049.74,New York,179707.77
161474.65,94425.04,358752.96,California,182963.43
192193.86,167278.37,355685.94,California,164588.61
156365.38,100825.26,394744.69,North Carolina,193852.37
189074.88,94562.38,324248.21,West Virginia,213270.57
181241.00,116398.04,386613.77,Indiana,181136.94
170203.83,115843.29,342203.93,Georgia,170614.76
197275.06,129618.88,423695.20,New York,189977.58
139198.65,142432.98,301714.18,West Virginia,165956.06
136371.71,106864.71,398163.59,Georgia,219561.63
166998.60,168628.44,460299.18,Alabama,164037.84
143987.13,128709.67,392356.46,Virginia,206940.35
197022.64,160137.40,381218.78,Texas,178784.19
193931.44,130120.27,447078.87,Wisconsin,187168.80
183529.87,154891.74,404849.83,Louisiana,195024.02
144665.52,146428.41,312444.12,Michigan,189483.08
193525.95,144965.66,409314.29,District of Columbia,196786.82
177678.97,113296.67,376495.05,Connecticut,208396.42
177405.14,102834.39,312102.91,Alabama,211114.95
160980.21,149192.49,407435.22,New York,215488.38
148165.79,117743.76,460808.45,District of Columbia,197850.85
190969.72,94173.27,459565.55,Texas,209230.18
173386.57,98025.88,446854.99,Illinois,160313.76
195482.03,92031.37,408723.41,Colorado,169909.60
154940.35,112026.39,448832.36,Ohio,171912.26
187543.79,100240.59,430870.26,California,182016.27
188395.08,133007.32,314586.36,Virginia,216963.22
175889.22,124278.96,322256.34,Oregon,209853.82
167696.49,129235.81,375220.17,Florida,180138.25
142529.67,143887.49,379681.73,Georgia,201943.17
180776.90,131386.76,407528.06,Colorado,188237.98
135706.27,105374.61,395113.50,West Virginia,198404.39
198006.52,109213.32,372607.02,Ohio,178195.53
165690.77,124346.28,309114.73,Texas,209156.41
188211.37,161891.39,420950.37,California,161516.26
154811.03,92716.47,399180.45,Idaho,176977.70
145580.30,135963.25,437009.66,Minnesota,164391.68
178444.29,128189.33,396062.36,Texas,169341.99
159219.61,102070.26,330532.08,Illinois,174555.79
150533.55,135567.22,305300.35,Mississippi,182032.43
196949.99,99353.61,329324.56,Oregon,203148.40
186169.79,106319.63,346279.11,New York,204194.22
168923.48,115052.68,463768.16,Maryland,213395.63
170889.92,151135.85,317074.56,New York,213895.34
199482.57,99823.61,390500.50,New York,197811.21
166784.56,149975.20,467307.27,Texas,197348.25
152926.67,133214.25,383964.16,Arkansas,208759.81
183862.39,164967.38,324052.07,Texas,214607.78
177703.59,166754.75,337468.76,California,166607.35
181122.58,123566.62,315948.51,Georgia,217291.62
187566.16,132646.00,337398.99,Oklahoma,218893.05
168107.36,156378.39,347607.52,Florida,217405.66
150183.68,135518.20,313011.52,Texas,184491.08
138036.74,93235.40,336032.06,Mississippi,184640.31
146535.13,138584.92,358924.50,California,162824.40
181848.66,91435.31,328086.99,Minnesota,216822.85
138573.14,143911.80,320937.85,Iowa,179532.39
196165.64,128477.23,397279.93,North Carolina,179246.25
149650.64,157258.60,358020.66,Colorado,172376.14
169022.15,160712.01,364900.24,Utah,165556.68
182733.37,126262.12,436293.17,Florida,163483.28
186748.66,105438.88,321752.11,Texas,217122.88
183248.74,117089.40,464523.36,Iowa,212610.35
180815.27,148414.53,397561.82,Alaska,186889.60
194958.71,132619.91,377534.68,Louisiana,198005.41
177239.99,134713.07,371505.91,Iowa,197443.49
195601.11,97681.18,420469.30,Tennessee,209110.21
194805.33,165239.26,415567.73,California,192371.42
156517.11,160448.33,325754.96,Alabama,175011.68
197698.21,108824.60,307692.55,Arizona,192074.62
184349.46,117178.03,459148.64,Texas,205748.37
141012.53,92031.70,388359.92,Idaho,168901.35
176112.09,153286.76,337812.55,Pennsylvania,176616.22
163650.38,169486.97,440423.22,Colorado,184744.17
150685.03,94115.71,454912.43,Missouri,198719.11
145876.43,95656.90,410450.08,Pennsylvania,204799.33
188586.50,150768.45,306964.02,Ohio,191044.69
188631.30,103519.16,314899.23,Georgia,213581.03
163725.46,94396.55,358596.52,Texas,189015.21
186661.83,149056.88,387910.81,Michigan,180885.35
167761.88,101438.56,312478.01,Texas,169813.80
196432.94,109810.66,321739.77,District of Columbia,169813.96
167045.38,104524.71,391566.99,Texas,196067.52
157597.58,140033.99,329491.69,Kansas,173060.81
141867.35,127645.36,397575.91,Missouri,188768.80
190831.26,142160.03,434918.29,Oklahoma,208359.11
141048.35,105260.48,430795.90,Louisiana,187171.41
154891.91,131086.78,347049.45,Georgia,204314.99
175873.84,98474.43,400929.75,Tennessee,168880.09
194354.04,150788.47,365861.88,Florida,200519.39
157116.37,163413.16,425264.04,Pennsylvania,165950.31
138120.43,133238.96,450319.65,Missouri,171333.37
198110.27,127437.31,412994.93,Texas,168084.31
180448.87,129890.73,427020.45,California,214659.46
150582.08,158736.65,315716.33,South Carolina,162930.48
139654.14,135820.91,429632.71,New York,166028.94
157984.83,94272.18,397584.19,Colorado,212937.96
160259.18,150567.98,453532.39,Pennsylvania,205222.35
139287.45,131280.25,353303.66,Ohio,174062.50
146282.42,127946.98,444609.93,Oklahoma,160664.26
173581.49,95955.27,389287.79,Texas,191066.13
144938.61,149001.90,427603.44,Washington,174688.41
181506.77,141252.33,365756.91,California,184337.99
184935.63,93089.02,457276.43,Texas,195618.04
149887.62,97825.05,417623.48,Florida,182931.52
135581.93,112338.93,314225.84,District of Columbia,171116.78
159828.13,127182.22,423617.46,New York,191007.62
152041.84,134681.40,320288.24,Illinois,174613.13
137790.34,169750.18,348932.17,North Dakota,176512.14
141789.16,158258.69,366065.65,West Virginia,161137.90
185744.66,104239.72,412612.77,North Carolina,170662.60
169957.17,113636.87,362070.60,North Carolina,201617.82
138361.30,146405.21,443766.59,Louisiana,196889.95
159042.22,101024.43,317937.17,Colorado,172267.69
172319.03,141944.22,317641.26,Colorado,180383.47
156007.20,116175.83,457405.41,Kansas,198685.74
151295.41,130186.17,348182.02,Florida,170146.42
154726.27,145365.00,386252.80,New York,166307.65
164146.13,158895.46,337680.08,Ohio,178035.07
181630.64,122503.59,354841.97,District of Columbia,175294.12
147975.29,117163.91,407378.47,Kentucky,216860.11
137297.92,92871.43,355231.98,Mississippi,213574.70
177128.03,133617.94,433297.97,Virginia,170090.90
196268.94,93392.18,333151.84,Florida,162100.50
191404.18,148194.26,327034.77,Louisiana,167905.08
135969.80,155509.08,341950.30,Michigan,164907.97
144027.18,127096.51,345362.65,California,160487.37
148373.29,134792.60,322402.04,Oklahoma,163054.33
166135.91,152344.87,354998.86,Connecticut,168284.97
141409.04,91000.74,409242.34,California,192353.88
159193.72,138522.65,339340.52,Indiana,218232.75
143404.30,110865.60,439249.11,Colorado,184470.34
141588.47,122180.61,377269.50,Utah,188909.78
171152.63,91083.97,403834.34,Oklahoma,206166.11
166297.29,97243.60,437297.57,Florida,203759.90
154137.43,154398.83,314474.34,Texas,185272.55
152222.08,95725.50,330068.39,California,176425.29
171193.20,134558.66,306088.58,Illinois,202224.78
197423.60,99624.09,420595.09,North Carolina,172908.08
148441.58,132776.37,332072.61,Georgia,175099.79
153265.64,120509.97,380342.93,Washington,196716.95
169527.13,103402.92,324981.28,New York,217022.80
147417.62,111626.14,391920.74,Texas,161806.67
188225.93,129656.38,375580.37,North Carolina,162184.98
151752.07,154478.69,322920.69,Washington,199816.85
148205.01,114951.59,372732.49,North Carolina,190716.87
173152.33,159560.48,323593.74,Ohio,190063.21
195893.33,125846.72,461040.09,Arizona,190056.65
137371.79,102749.16,397085.36,Ohio,206986.95
135858.25,118700.48,323899.07,Iowa,196258.88
164992.42,162669.05,366356.45,Louisiana,197503.63
178481.98,132638.21,323229.49,Maryland,164568.44
178526.03,136537.42,309678.76,California,199802.04
138846.80,91982.72,389620.12,Missouri,187549.42
175334.24,112636.89,342523.48,Kansas,214250.28
159643.58,120652.27,405863.58,California,209118.24
181649.29,165595.37,309831.88,North Carolina,160884.94
139819.01,166315.35,394949.14,California,209313.01
139344.33,166504.66,467017.08,Florida,186644.17
136843.00,102322.31,354932.14,South Carolina,219321.75
164795.04,112781.49,329168.69,California,188072.65
174108.55,133358.79,399957.88,Indiana,198469.89
198702.80,109632.56,399721.01,Texas,176634.22
193241.10,158506.72,388470.05,Virginia,212935.16
164475.84,95971.26,317687.88,Virginia,173456.56
141919.93,133956.71,315400.53,District of Columbia,169659.89
168516.50,160435.39,381896.37,Missouri,178970.48
170469.94,137188.42,392060.68,Ohio,192518.91
162189.31,168643.53,433218.82,New York,190417.78
143414.64,105457.78,388602.81,Florida,174520.89
176255.26,129922.93,344862.96,Kansas,204104.59
153493.76,100826.72,366968.14,Texas,213988.44
184196.99,158050.12,377473.58,California,211395.76
159613.98,128372.54,314508.77,Texas,207205.55
150687.10,161342.37,439825.05,Arizona,216959.37
138436.46,152332.66,464638.21,Georgia,202427.75
137160.97,138751.98,349463.82,Florida,216324.03
159734.84,136417.11,319193.18,Texas,218251.52
136846.96,96221.25,386777.84,District of Columbia,192993.66
153951.03,136744.95,388562.50,California,212024.62
187125.52,148062.34,307137.86,Minnesota,188422.99
182069.07,105234.03,434998.15,West Virginia,171683.90
175925.63,169922.02,411769.21,New York,203908.40
143322.88,123360.07,306040.00,Tennessee,194423.18
192478.39,117017.94,456823.63,Florida,174328.76
179081.32,101259.75,461235.05,Nebraska,178617.47
174784.09,98712.23,444127.21,Ohio,210090.80
144917.55,147459.67,370649.00,Idaho,174572.90
164388.95,161643.44,361196.18,California,207038.06
190576.02,93459.82,337117.73,New York,176433.25
142619.56,112023.36,436666.36,California,209956.35
179686.33,135850.03,360730.75,Missouri,209286.49
176081.07,127237.34,403586.75,California,196678.35
165052.21,165264.43,383102.48,California,213688.82
178229.42,125583.48,457033.29,New Mexico,189624.95
179668.99,90435.03,417838.70,California,173465.66
179945.39,161214.57,364050.01,South Carolina,195740.69
135313.10,152229.73,371173.88,Delaware,204026.06
147996.70,143998.44,415673.86,Georgia,173447.56
161613.41,133584.29,332953.89,Oklahoma,211206.44
194655.05,168027.14,407217.45,Nebraska,217426.88
142765.42,138000.98,394688.01,Nevada,183937.45
152301.43,117625.14,411380.71,Pennsylvania,196391.78
187612.47,115104.42,347474.18,Florida,209298.31
155326.17,93313.21,412581.06,Ohio,205706.17
185522.69,148496.89,372870.01,Illinois,183617.25
176939.60,108873.25,433409.69,Texas,207781.13
164909.39,147137.06,388168.13,California,199385.04
192987.48,128368.62,380520.22,California,174233.63
171680.68,167149.33,455173.50,District of Columbia,214732.62
152245.85,154380.33,368878.45,Ohio,204291.56
149959.07,166416.86,357207.94,Hawaii,196844.99
135330.33,120833.74,422938.89,Ohio,187372.68
147078.95,137526.50,334541.79,Illinois,209564.86
161078.74,127500.74,305504.12,North Carolina,213805.02
184649.11,93864.00,318173.83,West Virginia,162701.54
173152.52,158698.79,308259.36,Minnesota,178180.50
192569.35,94444.67,422805.72,District of Columbia,180850.04
169678.52,100340.85,309562.47,California,177125.22
150611.52,152970.49,409958.14,Texas,217672.77
150666.77,151607.77,347789.33,Oregon,165604.13
154993.39,121426.52,442326.19,Missouri,160405.28
173266.40,104732.38,417128.48,New York,177114.53
185411.08,114445.11,446636.17,Kentucky,168280.55
198667.60,153526.12,351713.97,Indiana,177902.28
195445.52,135974.49,377630.25,Colorado,195013.76
158277.34,168385.88,418703.17,Nebraska,207108.43
149272.33,105935.23,394378.08,Texas,193594.97
155080.55,133890.01,302181.10,Virginia,160086.12
191866.38,91301.97,428364.88,Utah,192743.96
159763.55,112810.07,417536.01,Texas,190038.89
182859.40,123500.85,404456.87,Texas,198931.52
160773.21,132839.02,314264.15,Colorado,195316.94
146561.36,138546.58,310141.99,California,166175.68
156028.56,133960.56,445103.25,Ohio,200355.75
188361.67,129807.33,354678.57,New York,187368.03
161107.34,96177.61,422656.14,New York,162941.72
147712.63,104632.50,443572.16,Michigan,169986.29
188914.61,158861.89,341123.25,Texas,214342.29
135507.61,135612.13,452017.51,Missouri,208477.41
137647.05,143402.98,430778.86,Illinois,182644.03
153331.36,94175.25,396671.31,Alabama,177527.49
136278.21,93210.90,440960.19,Virginia,194663.53
193222.63,167246.75,462747.46,Kansas,173908.40
174983.76,135020.89,317440.09,Connecticut,218531.33
143294.26,97301.80,456310.82,North Carolina,202026.52
188111.37,152431.32,367763.01,North Carolina,197450.67
155076.24,95942.71,432487.24,Alabama,189662.02
162327.80,160527.87,365561.85,California,212431.61
165781.64,95972.50,304873.11,Hawaii,191278.96
142487.54,166063.27,343412.15,Florida,206986.07
199510.91,162272.99,309599.11,Minnesota,162139.57
142708.48,166957.87,441403.70,District of Columbia,181706.79
142769.32,117124.56,412371.70,District of Columbia,186813.29
152838.95,116674.35,330394.91,Texas,206020.86
196512.72,112586.02,317762.56,Georgia,181389.51
199512.53,99780.40,457978.59,District of Columbia,172304.29
136363.91,100597.56,425827.79,Tennessee,169783.51
138916.38,105959.49,450986.76,Minnesota,193375.69
135502.73,142659.24,432028.16,Alabama,170922.04
151997.64,118356.79,437611.22,Georgia,187217.76
150430.77,169015.95,423540.12,Florida,210305.48
182606.52,138431.87,438785.51,Ohio,180239.29
189389.39,157199.46,421767.30,Texas,217363.38
136202.50,113904.64,348654.16,Alabama,190046.05
178959.41,161595.70,460289.89,New York,202870.48
135120.26,122827.43,430867.63,California,184999.32
171117.32,114788.61,415631.58,Washington,207698.83
189116.71,157534.47,377327.97,Texas,188803.15
140708.74,111830.45,405913.68,Georgia,171068.95
143817.61,126151.75,360277.63,Ohio,214370.51
139366.33,156982.72,374443.70,Virginia,168630.49
148790.77,128134.65,460349.04,Texas,169547.51
195103.94,112791.43,337858.36,Georgia,205466.99
198690.55,105712.48,341650.20,Maryland,191691.11
140284.47,145671.34,328498.26,Texas,210318.92
149753.41,101735.86,402796.81,Texas,187766.82
197942.32,136839.16,405596.23,Oregon,209306.67
188353.04,98787.18,464632.48,Florida,211117.18
135071.80,169719.43,430591.22,District of Columbia,183829.27
148543.81,108659.32,396267.41,Colorado,166591.87
179068.76,123631.35,350236.65,Colorado,195199.46
184836.92,141944.92,398980.08,Texas,172053.58
141164.93,162288.81,307442.81,Virginia,161384.62
181821.01,102057.14,396825.68,Oklahoma,191291.97
135896.47,155346.00,320772.32,Maryland,187276.22
